{
  "map_name": "map_20260430_211021",
  "coordinate_frame": "same world/map frame as the saved PGM/YAML map",
  "min_observations_required": 3,
  "camera_to_robot_assumption": {
    "camera_x_m": 0.16,
    "camera_y_m": 0.0,
    "camera_yaw_offset_deg": 0.0,
    "opencv_camera_frame": "x right, y down, z forward",
    "robot_frame": "x forward, y left",
    "theta_rad_meaning": "desired robot approach heading in map/world frame",
    "tag_facing_theta_rad_meaning": "estimated AprilTag plane normal heading in map/world frame"
  },
  "tags": {
    "19": {
      "x_m": 3.193174362182617,
      "y_m": -1.597619891166687,
      "theta_rad": -0.5896601301956952,
      "theta_deg": -33.785036807347964,
      "x": 3.193174362182617,
      "y": -1.597619891166687,
      "approach_theta_rad": -0.5896601301956952,
      "approach_theta_deg": -33.785036807347964,
      "tag_facing_theta_rad": 1.4315983266871455,
      "tag_facing_theta_deg": 82.02454207716428,
      "num_observations": 187,
      "confirmed": true,
      "spread_x_m": 0.015046647749841213,
      "spread_y_m": 0.010616486892104149,
      "median_camera_z_m": 2.227574348449707,
      "stop_distance_m": 0.55
    },
    "17": {
      "x_m": 6.844644069671631,
      "y_m": 1.167271614074707,
      "theta_rad": 0.5228824310003105,
      "theta_deg": 29.958956477858273,
      "x": 6.844644069671631,
      "y": 1.167271614074707,
      "approach_theta_rad": 0.5228824310003105,
      "approach_theta_deg": 29.958956477858273,
      "tag_facing_theta_rad": -1.39927842488483,
      "tag_facing_theta_deg": -80.17274810961435,
      "num_observations": 200,
      "confirmed": true,
      "spread_x_m": 0.008138268254697323,
      "spread_y_m": 0.005033659748733044,
      "median_camera_z_m": 1.8647242784500122,
      "stop_distance_m": 0.55
    },
    "18": {
      "x_m": 9.725435256958008,
      "y_m": -1.6901113986968994,
      "theta_rad": -0.6214419061836988,
      "theta_deg": -35.60599843689079,
      "x": 9.725435256958008,
      "y": -1.6901113986968994,
      "approach_theta_rad": -0.6214419061836988,
      "approach_theta_deg": -35.60599843689079,
      "tag_facing_theta_rad": 1.3419017367669246,
      "tag_facing_theta_deg": 76.88530603801995,
      "num_observations": 184,
      "confirmed": true,
      "spread_x_m": 0.006010173354297876,
      "spread_y_m": 0.0048065041191875935,
      "median_camera_z_m": 2.1995155811309814,
      "stop_distance_m": 0.55
    }
  }
}