{
  "map_name": "map_20260430_211021",
  "timestamp": 1777597821.8822124,
  "metrics": {
    "duration_s": 731.7296080589294,
    "packets_processed": 1717,
    "packets_per_second": 2.346495182222724,
    "path_length_m": 9.571629999999988,
    "map_width_cells": 692,
    "map_height_cells": 467,
    "map_resolution_m": 0.03,
    "known_fraction": 0.10667029743412014,
    "unknown_fraction": 0.8933297025658798,
    "explored_area_m2": 31.0248,
    "free_area_m2": 27.1485,
    "occupied_area_m2": 3.8763,
    "unknown_area_m2": 259.8228,
    "total_tags_seen": 3,
    "confirmed_tags": 3,
    "unconfirmed_tags": 0,
    "mean_tag_observations": 190.33333333333334,
    "mean_tag_position_spread_m": 0.01189330353165644,
    "max_tag_position_spread_m": 0.018414977665965844,
    "loss_terms": {
      "unknown_area_loss": 8.9332970256588,
      "tag_spread_loss": 0.2378660706331288,
      "unconfirmed_tag_loss": 0.0,
      "confirmed_tag_bonus": -3.0
    },
    "mapping_loss": 6.171163096291927
  },
  "tag_summary": {
    "19": {
      "x_m": 3.193174362182617,
      "y_m": -1.597619891166687,
      "theta_rad": -0.5896601301956952,
      "theta_deg": -33.785036807347964,
      "x": 3.193174362182617,
      "y": -1.597619891166687,
      "approach_theta_rad": -0.5896601301956952,
      "approach_theta_deg": -33.785036807347964,
      "tag_facing_theta_rad": 1.4315983266871455,
      "tag_facing_theta_deg": 82.02454207716428,
      "num_observations": 187,
      "confirmed": true,
      "spread_x_m": 0.015046647749841213,
      "spread_y_m": 0.010616486892104149,
      "median_camera_z_m": 2.227574348449707,
      "stop_distance_m": 0.55
    },
    "17": {
      "x_m": 6.844644069671631,
      "y_m": 1.167271614074707,
      "theta_rad": 0.5228824310003105,
      "theta_deg": 29.958956477858273,
      "x": 6.844644069671631,
      "y": 1.167271614074707,
      "approach_theta_rad": 0.5228824310003105,
      "approach_theta_deg": 29.958956477858273,
      "tag_facing_theta_rad": -1.39927842488483,
      "tag_facing_theta_deg": -80.17274810961435,
      "num_observations": 200,
      "confirmed": true,
      "spread_x_m": 0.008138268254697323,
      "spread_y_m": 0.005033659748733044,
      "median_camera_z_m": 1.8647242784500122,
      "stop_distance_m": 0.55
    },
    "18": {
      "x_m": 9.725435256958008,
      "y_m": -1.6901113986968994,
      "theta_rad": -0.6214419061836988,
      "theta_deg": -35.60599843689079,
      "x": 9.725435256958008,
      "y": -1.6901113986968994,
      "approach_theta_rad": -0.6214419061836988,
      "approach_theta_deg": -35.60599843689079,
      "tag_facing_theta_rad": 1.3419017367669246,
      "tag_facing_theta_deg": 76.88530603801995,
      "num_observations": 184,
      "confirmed": true,
      "spread_x_m": 0.006010173354297876,
      "spread_y_m": 0.0048065041191875935,
      "median_camera_z_m": 2.1995155811309814,
      "stop_distance_m": 0.55
    }
  }
}